id,icao_code,iata_code,name,latitude,longitude,altitude,country
1,SBAR,AJU,Santa Maria Airport,-10.984,-37.07,7.0,Brazil
2,SBBE,BEL,Val de Cans/Júlio Cezar Ribeiro International Airport,-1.379,-48.476,16.0,Brazil
3,SBBH,PLU,Pampulha - Carlos Drummond de Andrade Airport,-19.851,-43.951,789.0,Brazil
4,SBBR,BSB,Presidente Juscelino Kubistschek International Airport,-15.869,-47.921,1066.0,Brazil
5,SBBV,BVB,Atlas Brasil Cantanhede Airport,2.841,-60.692,84.0,Brazil
6,SBCF,CNF,Tancredo Neves International Airport,-19.624,-43.972,828.0,Brazil
7,SBCG,CGR,Campo Grande Airport,-20.469,-54.673,559.0,Brazil
8,SBCP,CAW,Bartolomeu Lisandro Airport,-21.698,-41.302,17.0,Brazil
9,SBCT,CWB,Afonso Pena Airport,-25.528,-49.176,911.0,Brazil
10,SBCX,CXJ,Hugo Cantergiani Regional Airport,-29.197,-51.188,753.0,Brazil
11,SBCY,CGB,Marechal Rondon Airport,-15.653,-56.117,188.0,Brazil
12,SBEG,MAO,Eduardo Gomes International Airport,-3.039,-60.05,80.0,Brazil
13,SBFI,IGU,Cataratas International Airport,-25.6,-54.485,240.0,Brazil
14,SBFL,FLN,Hercílio Luz International Airport,-27.67,-48.553,5.0,Brazil
15,SBFZ,FOR,Pinto Martins International Airport,-3.776,-38.533,25.0,Brazil
16,SBGL,GIG,Rio Galeão – Tom Jobim International Airport,-22.81,-43.251,9.0,Brazil
17,SBGO,GYN,Santa Genoveva Airport,-16.632,-49.221,747.0,Brazil
18,SBGR,GRU,Guarulhos - Governador André Franco Montoro International Airport,-23.436,-46.473,750.0,Brazil
19,SBIL,IOS,Bahia - Jorge Amado Airport,-14.816,-39.033,5.0,Brazil
20,SBIP,IPN,Usiminas Airport,-19.471,-42.488,239.0,Brazil
21,SBJF,JDF,Francisco de Assis Airport,-21.792,-43.387,911.0,Brazil
22,SBJP,JPA,Presidente Castro Pinto International Airport,-7.146,-34.949,66.0,Brazil
23,SBJV,JOI,Lauro Carneiro de Loyola Airport,-26.225,-48.797,5.0,Brazil
24,SBKP,VCP,Viracopos International Airport,-23.007,-47.134,661.0,Brazil
25,SBLO,LDB,Governador José Richa Airport,-23.334,-51.13,569.0,Brazil
26,SBMO,MCZ,Zumbi dos Palmares Airport,-9.511,-35.792,118.0,Brazil
27,SBMQ,MCP,Alberto Alcolumbre Airport,0.051,-51.072,17.0,Brazil
28,SBNF,NVT,Ministro Victor Konder International Airport,-26.88,-48.651,5.0,Brazil
29,SBSG,NAT,Governador Aluízio Alves International Airport,-5.768,-35.376,83.0,Brazil
30,SBPA,POA,Salgado Filho Airport,-29.994,-51.171,3.0,Brazil
31,SBPB,PHB,Prefeito Doutor João Silva Filho Airport,-2.894,-41.732,5.0,Brazil
32,SBPV,PVH,Governador Jorge Teixeira de Oliveira Airport,-8.709,-63.902,88.0,Brazil
33,SBRB,RBR,Plácido de Castro Airport,-9.869,-67.898,193.0,Brazil
34,SBRF,REC,Guararapes - Gilberto Freyre International Airport,-8.126,-34.924,10.0,Brazil
35,SBRJ,SDU,Santos Dumont Airport,-22.91,-43.163,3.0,Brazil
36,SBRP,RAO,Leite Lopes Airport,-21.136,-47.777,550.0,Brazil
37,SBSL,SLZ,Marechal Cunha Machado International Airport,-2.585,-44.234,54.0,Brazil
38,SBSP,CGH,Congonhas Airport,-23.626,-46.656,802.0,Brazil
39,SBSV,SSA,Deputado Luiz Eduardo Magalhães International Airport,-12.909,-38.322,20.0,Brazil
40,SBTE,THE,Senador Petrônio Portela Airport,-5.06,-42.824,67.0,Brazil
41,SBUL,UDI,Ten. Cel. Aviador César Bombonato Airport,-18.884,-48.225,943.0,Brazil
42,SBUR,UBA,Mário de Almeida Franco Airport,-19.765,-47.966,809.0,Brazil
43,SBVT,VIX,Eurico de Aguiar Salles Airport,-20.258,-40.286,3.0,Brazil
44,SBPS,BPS,Porto Seguro Airport,-16.439,-39.081,51.0,Brazil
45,SBPJ,PMW,Brigadeiro Lysias Rodrigues Airport,-10.292,-48.357,236.0,Brazil
46,SBCB,CFB,Cabo Frio Airport,-22.922,-42.074,7.0,Brazil
47,SBAX,AAX,Romeu Zema Airport,-19.563,-46.96,999.0,Brazil
